<?xml version="1.0" encoding="UTF-8"?>
<project-private xmlns="http://www.netbeans.org/ns/project-private/1">
    <editor-bookmarks xmlns="http://www.netbeans.org/ns/editor-bookmarks/2" lastBookmarkId="2">
        <file>
            <url>admin/staffing/mainstaff.php</url>
            <bookmark id="2">
                <name/>
                <line>194</line>
                <key/>
            </bookmark>
        </file>
        <file>
            <url>admin/signin.php</url>
            <bookmark id="1">
                <name/>
                <line>3</line>
                <key/>
            </bookmark>
        </file>
    </editor-bookmarks>
    <open-files xmlns="http://www.netbeans.org/ns/projectui-open-files/2">
        <group>
            <file>file:/C:/xampp/htdocs/lullaby/admin/reports/admin/allergylist.php</file>
            <file>file:/C:/xampp/htdocs/lullaby/admin/reports/admin/adminpdf/m.php</file>
        </group>
    </open-files>
</project-private>
