<?xml version="1.0" encoding="UTF-8"?>
<project-private xmlns="http://www.netbeans.org/ns/project-private/1">
    <editor-bookmarks xmlns="http://www.netbeans.org/ns/editor-bookmarks/2" lastBookmarkId="1">
        <file>
            <url>admin/signin.php</url>
            <bookmark id="1">
                <name/>
                <line>3</line>
                <key/>
            </bookmark>
        </file>
    </editor-bookmarks>
    <open-files xmlns="http://www.netbeans.org/ns/projectui-open-files/2">
        <group>
            <file>file:/C:/xampp/htdocs/lullaby/index.php</file>
            <file>file:/C:/xampp/htdocs/lullaby/pricing.php</file>
            <file>file:/C:/xampp/htdocs/lullaby/admin/css/styles.css</file>
            <file>file:/C:/xampp/htdocs/lullaby/admin/img/lulla.png</file>
            <file>file:/C:/xampp/htdocs/lullaby/css/styles.css</file>
        </group>
    </open-files>
</project-private>
